created_at,text
Wed Aug 02 01:30:13 +0000 2023,"The sheriff of Fulton County, Georgia, said that if Donald Trump were to be indicted in connection with efforts to‚Ä¶ https://t.co/whmTK3hves"
Wed Aug 02 01:20:06 +0000 2023,RT @ShaneGoldmacher: Never Back Down raised $48 million from donors ‚Äî besides the transfer from DeSantis's state committee ‚Äî and spent $33.‚Ä¶
Wed Aug 02 01:10:06 +0000 2023,"Several news organizations fell for a hoax on Tuesday that claimed that all Mattel toys, including the Barbie doll,‚Ä¶ https://t.co/KpDFAVNQl1"
Wed Aug 02 01:00:11 +0000 2023,The Justice Department unveiled an indictment on Tuesday charging Donald Trump with four criminal counts. They rela‚Ä¶ https://t.co/N8JiSv8s5T
Wed Aug 02 00:50:03 +0000 2023,"RT @gettinviggy: A key figure in a multistate effort to overturn the 2020 election, Matthew DePerno lost his race for Michigan attorney gen‚Ä¶"
Wed Aug 02 00:40:01 +0000 2023,"Fran Drescher, president of SAG-AFTRA, the union representing more than 150,000 television and movie actors, addres‚Ä¶ https://t.co/5CQ61wHm8k"
Wed Aug 02 00:30:25 +0000 2023,"Donald Trump was charged with four counts in connection with his efforts to overturn the 2020 election. 

Follow ou‚Ä¶ https://t.co/OsktuxNIl5"
Wed Aug 02 00:20:07 +0000 2023,RT @maggieNYT: More Republicans say Trump committed crimes. But they still support him. https://t.co/lYVqKOKIq6
Wed Aug 02 00:10:02 +0000 2023,"The long-term credit rating of the U.S. was downgraded on Tuesday by the Fitch Ratings agency, which said that the‚Ä¶ https://t.co/Grsbdz1pzg"
Wed Aug 02 00:00:02 +0000 2023,"The latest indictment of Donald Trump mentions, without names, six people who prosecutors say helped in seeking to‚Ä¶ https://t.co/QujMn9ygp2"
Tue Aug 01 23:50:05 +0000 2023,"RT @dougmillsnyt: Special Counsel Jack Smith after announcing the indictment of former U.S. President Donald Trump, in Washington, D.C http‚Ä¶"
Tue Aug 01 23:40:08 +0000 2023,"""Fantastic and simple."" This classic Senegalese sauce is great for tempering the smoky char of grilled chicken or s‚Ä¶ https://t.co/bqixy2YP2P"
Tue Aug 01 23:30:06 +0000 2023,"RT @peterbakernyt: As serious as hush money and classified documents may be, this third indictment in four months finally gets to the heart‚Ä¶"
Tue Aug 01 23:20:13 +0000 2023,"Jack Smith, the special counsel overseeing the investigation, filed charges against Donald Trump in connection with‚Ä¶ https://t.co/onacHkFhBG"
Tue Aug 01 23:00:06 +0000 2023,RT @maggieNYT: Our first cut on the indictment accusing Trump of conspiracies to stay in office @alanfeuer me https://t.co/uJdpVIDIse
Tue Aug 01 22:40:06 +0000 2023,State and federal prosecutors are pursuing multiple investigations into Donald Trump‚Äôs business and political activ‚Ä¶ https://t.co/KCiToCQufV
Tue Aug 01 22:06:21 +0000 2023,Read the full indictment here. https://t.co/tVpjVCvC6F
Tue Aug 01 22:00:14 +0000 2023,"There‚Äôs no shortage of balms, candles, sprays, lotions, gadgets and gear designed to keep mosquitos away.‚Ä¶ https://t.co/Ax3dMdGif2"
Tue Aug 01 21:51:19 +0000 2023,Breaking News: Federal prosecutors charged Donald Trump in connection with his efforts to overturn the 2020 electio‚Ä¶ https://t.co/xTl84uoxsA
Tue Aug 01 21:40:04 +0000 2023,From @TheAthleticFC: The U.S. survived the group stage of the World Cup. But its problems run deep. https://t.co/2nkbROHE5i
Tue Aug 01 21:36:29 +0000 2023,Correction: An earlier version of this tweet misstated who the U.S. played in the Women's World Cup on Tuesday. The‚Ä¶ https://t.co/AwmTD6XYWf
Tue Aug 01 21:35:34 +0000 2023,"The U.S. played Portugal to a draw, 0-0, in the Women's World Cup on Tuesday.

Now it‚Äôs off to the round of 16 in M‚Ä¶ https://t.co/ZkHy0ddg1d"
Tue Aug 01 21:10:05 +0000 2023,A building in central Moscow housing government offices was struck by a drone on Tuesday for the second time in 48‚Ä¶ https://t.co/huG0ZGps1v
Tue Aug 01 21:05:03 +0000 2023,"The federal charges facing Donald Trump seem to have cost him few, if any, votes in the 2024 election, according to‚Ä¶ https://t.co/BcoIhjxRp2"
Tue Aug 01 21:00:10 +0000 2023,A group of women who work together as sanitation laborers in India pooled their money to buy a lottery ticket in Ju‚Ä¶ https://t.co/ZdaKMPdp2e
Tue Aug 01 20:50:02 +0000 2023,Senator Bob Menendez of New Jersey is under investigation by the Justice Department for the second time in less tha‚Ä¶ https://t.co/x2kMcSZPWU
Tue Aug 01 20:45:05 +0000 2023,"In Opinion

They were barely adults when they were sentenced. Many are elderly; they have not seen the outside worl‚Ä¶ https://t.co/nmZbabxaID"
Tue Aug 01 20:40:26 +0000 2023,From @TheAthletic: The Yankees built a team with high-priced and often injured veterans. They can't keep pointing t‚Ä¶ https://t.co/RuaSQjlH4C
Tue Aug 01 20:21:55 +0000 2023,"Breaking News: Matthew DePerno, a key figure in efforts to overturn the 2020 election in Michigan, was arraigned on‚Ä¶ https://t.co/hBTsymakth"
Tue Aug 01 20:20:08 +0000 2023,At least seven Republican candidates appear to have qualified so far for the party's first presidential debate this‚Ä¶ https://t.co/bn5JAOtHfL
Tue Aug 01 20:10:04 +0000 2023,"To find the best white sneakers, @Wirecutter testers considered 79 pairs and wore 22 of them. They found five class‚Ä¶ https://t.co/dKIF3eVlW6"
Tue Aug 01 20:00:06 +0000 2023,"Here‚Äôs what you need to know if you test positive for Covid, according to physicians and infectious disease experts. https://t.co/LWc9qgYc5B"
Tue Aug 01 19:55:05 +0000 2023,"After 55 years at Sardi‚Äôs, ‚ÄúJoe‚Äù Petrsoric is ready to do last call for good. The bartender at Broadway‚Äôs go-to sal‚Ä¶ https://t.co/F9UQQ9KL9v"
Tue Aug 01 19:45:06 +0000 2023,"A video of a bear standing in Hangzhou, China, swept through social media with conspiracy theories it was a human i‚Ä¶ https://t.co/UzG9bmXiPw"
Tue Aug 01 19:40:07 +0000 2023,From @TheAthletic: Michigan players don't care about star rankings. They believe they have the talent to win a nati‚Ä¶ https://t.co/aWeQhrW7zO
Tue Aug 01 19:30:01 +0000 2023,"Prosecutors are pursuing multiple investigations involving Donald Trump, including his efforts to retain power afte‚Ä¶ https://t.co/u3fWqGp35V"
Tue Aug 01 19:20:08 +0000 2023,"If you haven‚Äôt looked at what your cell phone bill might be under a new plan or on a new service, you should check‚Ä¶ https://t.co/FOjyBKtixX"
Tue Aug 01 19:15:03 +0000 2023,Senegal‚Äôs government has dissolved the country‚Äôs main opposition party and detained its leader on charges of foment‚Ä¶ https://t.co/wy7uRibTsm
Tue Aug 01 19:10:07 +0000 2023,"""This is just ridiculously good ‚Äî easy and decadent at the same time.""

This is a subtle cake: the coffee tempers t‚Ä¶ https://t.co/cRw9fDy2ox"
Tue Aug 01 19:06:15 +0000 2023,U.S. shoppers will no longer be able to purchase most incandescent bulbs under energy efficiency rules that took ef‚Ä¶ https://t.co/rAQvfLsaaq
Tue Aug 01 19:00:15 +0000 2023,"From @TheAthleticFC: Since the Women's World Cup's inception in 1991, the USWNT has never finished lower than third‚Ä¶ https://t.co/uxah5TTosr"
Tue Aug 01 18:50:07 +0000 2023,"Since the collapse of the Black Sea grain deal two weeks ago, small ports in the Danube river on the Romanian borde‚Ä¶ https://t.co/JIr1ck2kUQ"
Tue Aug 01 18:45:08 +0000 2023,Shifting hormones during menopause can make hair go haywire. Here are ways to manage it. https://t.co/SYE7suLazi
Tue Aug 01 18:30:23 +0000 2023,Melania Trump se retir√≥ de la vida p√∫blica desde que sali√≥ de la Casa Blanca y se mantiene alejada de la campa√±a el‚Ä¶ https://t.co/PqjP39pdsi
Tue Aug 01 18:25:03 +0000 2023,"The super PAC supporting Ron DeSantis's presidential campaign spent nearly $34 million in recent months, pouring mo‚Ä¶ https://t.co/hW3MvvAwu7"
Tue Aug 01 18:20:03 +0000 2023,"An abortion ban took effect in Indiana on Tuesday, after the State Supreme Court ruled last month that the ban did‚Ä¶ https://t.co/kwrM46gTRv"
Tue Aug 01 18:15:08 +0000 2023,"Angus Cloud was walking in New York when a ""Euphoria"" casting agent approached him. He thought it was a scam, but h‚Ä¶ https://t.co/YETumC3dtu"
Tue Aug 01 18:10:03 +0000 2023,"Gift baskets get a bad rap, and many deserve it. After considering nearly 120 suggestions, @Wirecutter found these‚Ä¶ https://t.co/l9ie3wjrGy"
Tue Aug 01 18:00:07 +0000 2023,"Say ""rolled eggs"" two or three times, and you‚Äôll hear what you‚Äôll be making: eggs, accented by ingredients you have‚Ä¶ https://t.co/zrLu0zHKL1"
Tue Aug 01 17:50:04 +0000 2023,From @TheAthleticFC: These are six exciting soccer teams from around the world to watch this season. https://t.co/fFundrZ2pb
Tue Aug 01 17:40:07 +0000 2023,"It‚Äôs often viewed as a given: Men hunted, women gathered. But anthropologists are finding that in most modern forag‚Ä¶ https://t.co/WfFxGyQf0O"
Tue Aug 01 17:30:14 +0000 2023,"The character Pee-wee Herman was noisy; the actor who played him, Paul Reubens, was quiet, with a ""voice that was s‚Ä¶ https://t.co/99puy1mzFx"
Tue Aug 01 17:27:51 +0000 2023,"Breaking News: Sheila Oliver, New Jersey‚Äôs lieutenant governor who was the first Black woman to hold statewide offi‚Ä¶ https://t.co/VxzB1S9aW8"
Tue Aug 01 17:20:06 +0000 2023,"An enclosed stairwell attached to a building in suburban London was sold at auction on Tuesday for for 25,000 pound‚Ä¶ https://t.co/pbPSV1WYDv"
Tue Aug 01 17:15:11 +0000 2023,Making a few tweaks to your fitness habits ‚Äî and mind-set ‚Äî as you hit middle age can set you up for long-term mobi‚Ä¶ https://t.co/koqVkY0AUH
Tue Aug 01 17:00:16 +0000 2023,"Salt air, and the rust on your door
Revisit our review of ""Folklore""

Here's our pop music critic's take on Taylor‚Ä¶ https://t.co/1puzTHhkUs"
Tue Aug 01 16:50:06 +0000 2023,Online platforms in the U.S. provide a growing loophole for private weapons sellers. Here's how a new law may help‚Ä¶ https://t.co/izemRd3xfd
Tue Aug 01 16:40:07 +0000 2023,"At least nine U.S. senators and representatives, both Democrats and Republicans, have sat on the NRA‚Äôs board of dir‚Ä¶ https://t.co/9Z86IUJPd4"
Tue Aug 01 16:30:09 +0000 2023,"Despite numerous investigations against Donald Trump, he and President Biden are still tied among registered voters‚Ä¶ https://t.co/17wS3mjgSV"
Tue Aug 01 16:27:04 +0000 2023,"The family of Henrietta Lacks, the Black woman whose cancer cells were taken without consent and used to pioneer nu‚Ä¶ https://t.co/tvo9W37Fqs"
Tue Aug 01 16:20:10 +0000 2023,"From @TheAthleticFC: When the new Premier League season begins soon, expect stars like Erling Haaland and Mohamed S‚Ä¶ https://t.co/4tAOuSzp1R"
Tue Aug 01 16:16:05 +0000 2023,"From @TheAthletic: Max Verstappen‚Äôs march to the championship is not solely down to his undeniable talent, standing‚Ä¶ https://t.co/45PN0aA8Cl"
Tue Aug 01 16:10:02 +0000 2023,"In Opinion

Samuel Alito‚Äôs claim about the authority of Congress ‚Äústands as a glimpse into the arrogance of one jus‚Ä¶ https://t.co/iEc7eHVj0k"
Tue Aug 01 16:00:29 +0000 2023,"These salt-and-vinegar kale chips become a delightfully textural meal when they are teamed up with fried chickpeas,‚Ä¶ https://t.co/UEKa3rj7ES"
Tue Aug 01 15:50:07 +0000 2023,European cities are finding new ways to tax visitors. The increases are driven by concerns about the climate crisis‚Ä¶ https://t.co/AtR27NrySZ
Tue Aug 01 15:45:05 +0000 2023,A Ukrainian doctor died from shrapnel wounds on his first day at work when a Russian missile hit his clinic in Kher‚Ä¶ https://t.co/xoiu0xvgNA
Tue Aug 01 15:40:05 +0000 2023,"RT @viaSimonRomero: Mexico‚Äôs cartels are taking  the ‚ÄúMonster‚Äù truck concept to deadly new realms, modifying pickups with gun turrets, stee‚Ä¶"
Tue Aug 01 15:35:07 +0000 2023,"Donald Trump‚Äôs political action committee, which began last year with $105 million, now has less than $4 million le‚Ä¶ https://t.co/tNw5ZhL7IQ"
Tue Aug 01 15:30:12 +0000 2023,Connections is a daily game about finding common threads between words. Players must select four groups of four wor‚Ä¶ https://t.co/mqg5aWsGFW
Tue Aug 01 15:25:01 +0000 2023,"National and state parks have reported at least seven possible heat-related deaths so far this summer, as a brutal‚Ä¶ https://t.co/mCMmWhHMeB"
Tue Aug 01 15:20:06 +0000 2023,"Whether it‚Äôs your 10th wedding anniversary or five months since your first date, @Wirecutter's thoughtful gift idea‚Ä¶ https://t.co/8kdZHLAOh1"
Tue Aug 01 15:05:49 +0000 2023,Breaking News: The PGA Tour will add Tiger Woods to its board after a player rebellion over the tour‚Äôs deal with Sa‚Ä¶ https://t.co/i8FTmLf1EP
Tue Aug 01 15:00:37 +0000 2023,"If you‚Äôre convinced that red wine should be reserved for the colder months, consider the tinto de verano. It‚Äôs to s‚Ä¶ https://t.co/7bChKKYENb"
Tue Aug 01 14:50:05 +0000 2023,How quickly can you solve today's Mini crossword? https://t.co/GweQakqocO
Tue Aug 01 14:41:00 +0000 2023,"""This game was a stumper, even for a seasoned Wordle player like me.""

Our columnist reviews Tuesday's Wordle. https://t.co/Fd96Cc3Z90"
Tue Aug 01 14:30:23 +0000 2023,"As expenses surge and attendance slows, U.S. cultural organizations are raising admission fees to offset rising cos‚Ä¶ https://t.co/CBEIKWqXyB"
Tue Aug 01 14:20:06 +0000 2023,"President Biden is heading into the 2024 presidential contest on firmer footing than a year ago, with his approval‚Ä¶ https://t.co/3gWnhpneW5"
Tue Aug 01 14:15:18 +0000 2023,Workers on Monday dismantled a giant ‚ÄúX‚Äù sign installed on Twitter‚Äôs San Francisco headquarters after residents com‚Ä¶ https://t.co/fibPQWvNWv
Tue Aug 01 14:10:06 +0000 2023,üü®üü© How did you do in Wordle today? üü®üü©  https://t.co/9IEQDcJlrY
Tue Aug 01 14:05:37 +0000 2023,From @TheAthleticFC: U.S. coach Vlatko Andonovski says it is ‚Äúinsane‚Äù to question the mentality of the USWNT after‚Ä¶ https://t.co/pmQs7EUS9b
Tue Aug 01 14:00:20 +0000 2023,Oregon‚Äôs experiment to stem soaring rates of addiction and overdose deaths by decriminalizing small amounts of illi‚Ä¶ https://t.co/7yUZFld58b
Tue Aug 01 13:56:04 +0000 2023,Venice should be on the UNESCO‚Äôs World Heritage in Danger list because the city has not made enough progress in pre‚Ä¶ https://t.co/vjDHrGuDzU
Tue Aug 01 13:49:02 +0000 2023,"RT @AnaSwanson: The global solar industry is cutting some ties to China, but its exposure to forced labor remains high and companies are be‚Ä¶"
Tue Aug 01 13:45:10 +0000 2023,From @TheAthleticFC: The U.S. women‚Äôs national team has moved on to the World Cup knockout round ‚Äî barely. It was o‚Ä¶ https://t.co/kUHWNObkBC
Tue Aug 01 13:40:13 +0000 2023,"Phoenix‚Äôs run of consecutive days reaching or exceeding 110 degrees ended after 31 days, dipping just below the mar‚Ä¶ https://t.co/Rfv0HGL6Lk"
Tue Aug 01 13:29:07 +0000 2023,"Donald Trump commands a seemingly unshakable base of loyal supporters, representing more than one-third of the Repu‚Ä¶ https://t.co/q8C6OKnZlK"
Tue Aug 01 13:25:23 +0000 2023,"RT @TheAthletic: Former #USWNT captain Carli Lloyd criticized the U.S. players' reaction to their 0-0 draw with #POR.

Asked to respond, co‚Ä¶"
Tue Aug 01 13:20:03 +0000 2023,"Suffering from summertime SAD? Here's a @Wirecutter tip: ""Besides physical relief from heat, I noticed that my cold‚Ä¶ https://t.co/0K8QC8wSCr"
Tue Aug 01 13:16:16 +0000 2023,RT @declanwalsh: Latest twist in the spiralling Niger crisis - neighbouring Mali and Burkina Faso vow to defend Niger if other West African‚Ä¶
Tue Aug 01 13:10:08 +0000 2023,"Uber‚Äôs revenue increased 14% in its most recent quarter, the company reported, but the growth was its slowest since‚Ä¶ https://t.co/CDUfLFX072"
Tue Aug 01 13:00:05 +0000 2023,The man charged with killing three women and burying their bodies near Gilgo Beach on Long Island is expected to ap‚Ä¶ https://t.co/x13wKXbx9Z
Tue Aug 01 12:49:03 +0000 2023,"France will begin evacuating French and European citizens from Niger immediately, it said, citing violent attacks b‚Ä¶ https://t.co/XqO8UV0maZ"
Tue Aug 01 12:40:07 +0000 2023,"RT @Nate_Cohn: The Biden-Trump rematch is tied, 43-43, in our first Times/Siena poll of the cycle. 
Another 10 percent volunteered they wou‚Ä¶"
Tue Aug 01 12:30:16 +0000 2023,"The York fire, California‚Äôs largest wildfire this year, has swept across thousands of acres in the Mojave Desert si‚Ä¶ https://t.co/P5TiLdxKEG"
Tue Aug 01 12:20:08 +0000 2023,"Reed Jobs, the 31-year-old son of Steve Jobs and Laurene Powell Jobs, is starting a venture capital firm to invest‚Ä¶ https://t.co/NwmHiN3noQ"
Tue Aug 01 12:10:06 +0000 2023,"Mali and Burkina Faso said they would join forces to defend Niger, where soldiers claimed to have seized power in a‚Ä¶ https://t.co/5IgNQaKuBQ"
Tue Aug 01 12:00:14 +0000 2023,The NRA transformed itself from a fusty club of sportsmen to a lobbying juggernaut that changed the gun law landsca‚Ä¶ https://t.co/DssIq2dHe6
Tue Aug 01 11:28:05 +0000 2023,"In the wake of the war in Ukraine, Germany is trying to break its dependence on Russian energy by building infrastr‚Ä¶ https://t.co/iD8sCEUf3Y"
Tue Aug 01 11:26:02 +0000 2023,A group of women who work together as sanitation laborers in India pooled their money to buy a lottery ticket in Ju‚Ä¶ https://t.co/a5a0YDv2Vu
Tue Aug 01 11:15:05 +0000 2023,RT @VALERIEinNYT: Surveys show that the Kremlin‚Äôs propaganda campaign against the L.G.B.T.Q. community may have affected Russian attitudes:‚Ä¶
Tue Aug 01 11:00:09 +0000 2023,"Listen to The Headlines, which brings you the biggest stories of the day from the New York Times reporters who are‚Ä¶ https://t.co/daq6m8Hkwv"
Tue Aug 01 10:45:05 +0000 2023,A new law targeting transgender people in Russia underscores how President Vladimir Putin is increasingly using the‚Ä¶ https://t.co/gVM9kjvgAr
Tue Aug 01 10:35:30 +0000 2023,"President Biden is on firmer footing with Democrats than a year ago, but he is neck-and-neck in a possible rematch‚Ä¶ https://t.co/6U9gxN5bee"
Tue Aug 01 10:29:04 +0000 2023,President Biden met with and spoke to his son Hunter's business associates on a number of occasions but was not par‚Ä¶ https://t.co/IY6dl4n2io
Tue Aug 01 10:15:08 +0000 2023,"The longlist for this year's Booker Prize features 13 works, including a novel about a squash prodigy battling grie‚Ä¶ https://t.co/7XVeQiSz61"
Tue Aug 01 10:00:01 +0000 2023,"In Myanmar, the military‚Äôs brutal assault on civilians is escalating, visual evidence, data and interviews showed. https://t.co/As4GHd1h05"
Tue Aug 01 09:46:04 +0000 2023,"The ‚ÄúBarbenheimer‚Äù phenomenon has been met with anger in Japan, where nuclear bombings by the U.S. killed hundreds‚Ä¶ https://t.co/Ie1zcAoAM2"
Tue Aug 01 09:30:11 +0000 2023,"Angus Cloud, the actor best known for portraying Fezco, a lovable drug dealer on the HBO television show ‚ÄúEuphoria,‚Ä¶ https://t.co/AZKMo3RFaI"
Tue Aug 01 09:21:11 +0000 2023,"The U.S. üá∫üá∏ settled for a 0-0 draw with Portugal üáµüáπ at the Women's World Cup, but still advanced to the round of 16‚Ä¶ https://t.co/zL6quZfamH"
Tue Aug 01 08:45:03 +0000 2023,"Russia said a drone hit the same building in central Moscow for the second time in 48 hours, blaming Ukraine, which‚Ä¶ https://t.co/P8046vtt3M"
Tue Aug 01 08:33:06 +0000 2023,"Myanmar‚Äôs military government reduced the prison sentence for Daw Aung San Suu Kyi, the country‚Äôs ousted civilian l‚Ä¶ https://t.co/pgFZlOsk91"
Tue Aug 01 08:15:10 +0000 2023,Workers on Monday dismantled a giant ‚ÄúX‚Äù sign installed on Twitter‚Äôs San Francisco headquarters after residents com‚Ä¶ https://t.co/2jfNmNpF4a
Tue Aug 01 08:02:01 +0000 2023,From @TheAthleticFC: They have driven each other to crazy heights for 15 years. Now Lionel Messi and Cristiano Rona‚Ä¶ https://t.co/47bgpn5nvN
Tue Aug 01 07:44:08 +0000 2023,"A powerful tropical cyclone, Typhoon Khanun, is approaching islands in southern Japan, days after another one slamm‚Ä¶ https://t.co/pbfnYehVHp"
Tue Aug 01 07:32:02 +0000 2023,"Italy has fallen for ‚ÄúMare Fuori,‚Äù or ‚ÄúThe Sea Beyond,‚Äù an often gritty but always soapy melodrama about the inmate‚Ä¶ https://t.co/4etIJgF7w2"
Tue Aug 01 07:07:40 +0000 2023,The U.S. üá∫üá∏ is facing Portugal üáµüáπ at the Women's World Cup. The U.S. can advance to the round of 16 with a win or a‚Ä¶ https://t.co/oH5undttce
Tue Aug 01 07:02:07 +0000 2023,"Austria, unlike most EU countries, is still buying nearly as much natural gas from Russia as it was before the inva‚Ä¶ https://t.co/xj9tlUtqaX"
Tue Aug 01 06:40:05 +0000 2023,"RT @livia_ar: At the Wood Street Commons, a small group of former residents recently gathered to figure out how to reassemble their fragmen‚Ä¶"
Tue Aug 01 06:10:03 +0000 2023,"Tiles is meant to be a relaxing game. It doesn't involve words at all, so you can play it while listening to a podc‚Ä¶ https://t.co/2Yz5dUUMIl"
Tue Aug 01 05:40:04 +0000 2023,"Magnus White, a 17-year old ‚Äúrising star‚Äù in competitive cycling, died while training for the world championships,‚Ä¶ https://t.co/G2R5F9Js1B"
Tue Aug 01 05:10:08 +0000 2023,"From @TheAthletic: We asked 50 NFL coaches and executives to sort 30 veteran quarterbacks into tiers.
They were gra‚Ä¶ https://t.co/Yp19UeFlQR"
Tue Aug 01 04:40:05 +0000 2023,Megan Rapinoe is watching the World Cup instead of starring in it for the first time in 12 years. The U.S. forward‚Ä¶ https://t.co/FF8a2vJLpD
Tue Aug 01 04:20:02 +0000 2023,"RT @jonathanvswan: Donations to the Trump super PAC ""included $1 million from the father of his son-in-law, Charles Kushner, whom Mr. Trump‚Ä¶"
Tue Aug 01 04:10:05 +0000 2023,"During the hours you spend in bed every night, your sheets collect skin flakes, an assortment of bodily fluids and‚Ä¶ https://t.co/A2h0FDsKZN"
Tue Aug 01 04:00:09 +0000 2023,"Donald Trump‚Äôs political action committee, which began last year with $105 million, now has less than $4 million le‚Ä¶ https://t.co/GJePjauOiY"
Tue Aug 01 03:50:04 +0000 2023,üü®üü© How did you do in Wordle today? üü®üü©  https://t.co/UfXzP5W1Gd
Tue Aug 01 03:40:05 +0000 2023,"Phoenix‚Äôs run of consecutive days reaching or exceeding 110 degrees ended after 31 days, dipping just below the mar‚Ä¶ https://t.co/LQTOuS6Udl"
Tue Aug 01 03:30:04 +0000 2023,"Here are four true crime picks across television, documentary and podcast that offer more than the usual glorificat‚Ä¶ https://t.co/yfOngteEHJ"
Tue Aug 01 03:20:04 +0000 2023,"RT @ShaneGoldmacher: NEW: Trump's once mighty PAC's cash reserve has dwindled to under $4 million.

Saddled with huge legal bills, Trump's‚Ä¶"
Tue Aug 01 03:10:03 +0000 2023,Paul Reubens played dozens of memorable roles on big and small screens throughout his career. Here's a list of his‚Ä¶ https://t.co/Ms3FdsNGLl
Tue Aug 01 03:00:13 +0000 2023,The Pentagon announced on Monday that President Biden had canceled an order by Donald Trump to move the United Stat‚Ä¶ https://t.co/cCM58JzzBn
Tue Aug 01 02:40:03 +0000 2023,"Hillary Simms is the first woman to join the American Brass Quintet, and the first female trombonist to join the fa‚Ä¶ https://t.co/4qBPOW5B0E"
Tue Aug 01 02:30:09 +0000 2023,"A new study shows that alcohol-related deaths among women are rising at a faster rate than those among men, particu‚Ä¶ https://t.co/dwpTM2YIZ7"
Tue Aug 01 02:20:07 +0000 2023,RT @mlevenson: A Marine drill instructor was acquitted in the death of 19-year-old recruit during a grueling training exercise known as the‚Ä¶
Tue Aug 01 02:10:04 +0000 2023,How quickly can you solve today's Mini crossword? https://t.co/Yepc6KqbZk
Tue Aug 01 02:00:10 +0000 2023,"In ‚ÄúPee-wee‚Äôs Playhouse,‚Äù the only rule was that there were no rules. Paul Reubens, as Pee-wee, pushed his audience‚Ä¶ https://t.co/G0VzHdzCgn"
Tue Aug 01 01:40:07 +0000 2023,Connections is a daily game about finding common threads between words. Players must select four groups of four wor‚Ä¶ https://t.co/wqqw3UHmy6
Tue Aug 01 01:30:07 +0000 2023,"The U.S. has a chance to win the Women‚Äôs World Cup, but it‚Äôs a wide open tournament. Here‚Äôs how the remaining teams‚Ä¶ https://t.co/lMeEoiWRuH"
Tue Aug 01 01:20:03 +0000 2023,"RT @JulietMacur: Grateful that player moms were so candid with me for this story: @sydneyleroux recalled a coach saying ""she had a bad year‚Ä¶"
Tue Aug 01 01:10:04 +0000 2023,"Bill and Mary-Ellen McDonald host firefly viewing parties, hoping to inspire their neighbors to stop using pesticid‚Ä¶ https://t.co/uRa8paBaJB"
Tue Aug 01 01:00:07 +0000 2023,A Georgia judge forcefully rejected an effort by Donald Trump to derail an investigation into attempts by Trump and‚Ä¶ https://t.co/rcHOjTW6px
Tue Aug 01 00:40:04 +0000 2023,"Lemon zest, lemon juice, Parmesan and basil come together for a silky and vibrant sauce that makes this weeknight-f‚Ä¶ https://t.co/bgjWB3fto2"
Tue Aug 01 00:30:11 +0000 2023,"After a New York Times report, the FBI investigated who had paid for a spy tool for use by the U.S. government. The‚Ä¶ https://t.co/QXRZIK8yEZ"
Tue Aug 01 00:20:06 +0000 2023,"RT @Nate_Cohn: On paper, there's a path to beat Trump. But his loyal base -- along with divisions among other Republicans -- makes him extr‚Ä¶"
Tue Aug 01 00:10:06 +0000 2023,A New Jersey woman now lives alone part of the year on a remote island in Maine that Stephen King called ‚Äúa novel h‚Ä¶ https://t.co/FsHQDkhFD6
Tue Aug 01 00:00:06 +0000 2023,"Angus Cloud had never acted before playing Fezco, the lovable drug dealer in ‚ÄúEuphoria.‚Äù In an interview in 2022, h‚Ä¶ https://t.co/RC0TAfphk2"
Mon Jul 31 23:40:04 +0000 2023,"The capsized boat of Donald Lawson, a sailor from Baltimore who disappeared in the Pacific Ocean over two weeks ago‚Ä¶ https://t.co/k0XD9POvgq"
Mon Jul 31 23:30:06 +0000 2023,A military jury has found that a Marine Corps drill instructor was not guilty of negligent homicide and other charg‚Ä¶ https://t.co/6As8im6INd
Mon Jul 31 23:20:08 +0000 2023,"Breaking News: Angus Cloud, the actor best known for portraying Fezco, a lovable drug dealer on the HBO television‚Ä¶ https://t.co/gd11xOv5rw"
Mon Jul 31 23:15:04 +0000 2023,"RT @tariqpanja: Well that was unexpected: What could have been the worst night in Australian football, suddenly turns into one of its most‚Ä¶"
Mon Jul 31 23:09:04 +0000 2023,"Breaking News: Angus Cloud, the actor best known for portraying Fezco, a lovable drug dealer on the show ‚ÄúEuphoria,‚Ä¶ https://t.co/5f3scXKQHv"
Mon Jul 31 23:00:23 +0000 2023,"""This was so good! We used three larger heirloom tomatoes from our garden and so cut the water down to one cup and‚Ä¶ https://t.co/mBqNin9jSs"
Mon Jul 31 22:40:08 +0000 2023,RT @dannyhakim: 1/ Indictments are coming by mid August in the Atlanta criminal investigation of Trump and his circle. Here's our story tod‚Ä¶
Mon Jul 31 22:20:06 +0000 2023,"Nigeria played Ireland to a draw, 0-0, in the Women's World Cup on Monday.

Follow our #FIFAWWC updates.‚Ä¶ https://t.co/j7m3fqPjqF"
Mon Jul 31 22:10:07 +0000 2023,"O‚ÄôShae Sibley, a gay man, was dancing while filling up a car at a Brooklyn gas station when men attacked him with s‚Ä¶ https://t.co/8FAxRqWLzB"
Mon Jul 31 21:50:03 +0000 2023,"Zambia earned a 3-1 win over Costa Rica in the Women's World Cup on Monday.

Follow our #FIFAWWC updates.‚Ä¶ https://t.co/s2yGCZqwRD"
Mon Jul 31 21:40:07 +0000 2023,"Australia finally produced a performance worthy of reaching the knockout stage of the Women‚Äôs World Cup, advancing‚Ä¶ https://t.co/4y3mH022S6"
Mon Jul 31 21:30:07 +0000 2023,"Japan scored early and often and cruised to a 4-0 victory.

Overrunning Spain‚Äôs defense with lightning-quick counte‚Ä¶ https://t.co/xc9LBsu3Yb"
Mon Jul 31 21:20:05 +0000 2023,Numi‚Äôs undershirt promises to block sweat and prevent pit stains. Our @Wirecutter tester discovers that it does the‚Ä¶ https://t.co/QlDzdki4l7
Mon Jul 31 21:00:15 +0000 2023,Much of the advice about urinary tract infections isn‚Äôt rooted in science. Here are four misunderstood facts about‚Ä¶ https://t.co/8RDFDtufyw
Mon Jul 31 20:59:27 +0000 2023,"RT @trbrtc: ‚ÄúThe only way to stop this,‚Äù Ukraine's military intelligence told us, ‚Äúis the immediate withdrawal of Russian occupation troops‚Ä¶"
Mon Jul 31 20:50:04 +0000 2023,From @TheAthletic: Buffalo Bills safety Damar Hamlin took another major step in his return to football on Monday. H‚Ä¶ https://t.co/A30pdYK9o4
Mon Jul 31 20:45:05 +0000 2023,Two Russian missiles on Monday hit a residential building and university complex in President Volodymyr Zelensky's‚Ä¶ https://t.co/rtbz2wvqUq
Mon Jul 31 20:30:09 +0000 2023,"‚ÄúBarbie‚Äù collected an astounding $93 million in its second weekend at the box office, while ‚ÄúOppenheimer‚Äù racked up‚Ä¶ https://t.co/9vZ5eZfrMJ"
Mon Jul 31 20:15:03 +0000 2023,"From @TheAthleticFC: Depth is the USWNT‚Äôs greatest strength. ""Right now, the evidence we have suggests Andonovski o‚Ä¶ https://t.co/U9fTKu6jLO"
Mon Jul 31 20:10:06 +0000 2023,An ‚ÄúX‚Äù sign installed on Twitter‚Äôs San Francisco headquarters on Friday as part of the company‚Äôs rebranding is unde‚Ä¶ https://t.co/GpUejKHma6
Mon Jul 31 20:05:05 +0000 2023,India‚Äôs opposition parties are trying to force Prime Minister Narendra Modi to address the ethnic violence raging i‚Ä¶ https://t.co/86Fg3Mocpk
Mon Jul 31 20:00:25 +0000 2023,"There are hundreds of white T-shirts out there. With help from a fashionable and diverse testing panel, @Wirecutter‚Ä¶ https://t.co/3kQ3UWw5zi"
Mon Jul 31 19:50:02 +0000 2023,"At least three different Ukrainian-made drones have been used in attacks inside Russia, including Moscow, according‚Ä¶ https://t.co/rQGRj6DRVs"
Mon Jul 31 19:40:10 +0000 2023,"Senator Mitch McConnell's health episode at the Capitol has intensified talk about a possible succession, a prospec‚Ä¶ https://t.co/ln45pVlYD9"
Mon Jul 31 19:35:09 +0000 2023,"Magnus White, a 17-year old ‚Äúrising star‚Äù in competitive cycling, died while training for the world championships,‚Ä¶ https://t.co/7oQJeTiyP1"
Mon Jul 31 19:30:05 +0000 2023,The James Webb Space Telescope celebrated one year of sharing cosmic images. It recently released a picture of Herb‚Ä¶ https://t.co/i0mkQWzvIC
Mon Jul 31 19:20:06 +0000 2023,An Idaho judge sentenced Lori Vallow Daybell to three terms of life in prison without parole for murdering two of h‚Ä¶ https://t.co/g3ZnVZ4KII
Mon Jul 31 19:15:07 +0000 2023,"The Islamic State affiliate claimed responsibility for a suicide bombing on Sunday, which targeted a political rall‚Ä¶ https://t.co/d0KZVYjVw5"
Mon Jul 31 19:10:04 +0000 2023,From @TheAthleticFC: FIFA‚Äôs rankings place Nigeria as the 40th-best team in the world but that figure is swiftly lo‚Ä¶ https://t.co/BFimDRDhhB
Mon Jul 31 19:00:12 +0000 2023,"In Opinion

Donald Trump will find that Jack Smith, the Justice Department special counsel investigating the former‚Ä¶ https://t.co/jbhoInFouk"
Mon Jul 31 18:55:06 +0000 2023,"Four years after a historically large number of candidates ran for president, the field for the 2024 campaign is ge‚Ä¶ https://t.co/8WWRR8d0mo"
Mon Jul 31 18:50:08 +0000 2023,"Pee-wee Herman became a pop-culture sensation in the 1980s. Then Paul Reubens, who created the character, disappear‚Ä¶ https://t.co/vhNE7VZl37"
Mon Jul 31 18:47:39 +0000 2023,"RT @edwrdmoreno: Para los mexicanos que trabajan en Estados Unidos y otros sitios, un peso fuerte significa que los d√≥lares que mandan a su‚Ä¶"
Mon Jul 31 18:40:11 +0000 2023,"With climate change ravaging Florida‚Äôs beloved reef, teams who‚Äôve devoted their careers to restoring coral in the s‚Ä¶ https://t.co/oaikj5URdu"
Mon Jul 31 18:30:16 +0000 2023,"Looking for your forever sunglasses? ""At well under $20 a pop, Sungaits are so ridiculously affordable that I stash‚Ä¶ https://t.co/34F0Ee1B8w"
Mon Jul 31 18:20:02 +0000 2023,"From @TheAthletic: Twenty years ago, the New York Yankees traded for Aaron Boone.

The franchise dealt its top pitc‚Ä¶ https://t.co/7eXmfp4UqG"
Mon Jul 31 18:14:37 +0000 2023,"Paul Reubens, the comic actor and creator of Pee-wee Herman, has died at 70. Pee-wee, with his signature bow tie, s‚Ä¶ https://t.co/IuhahHyLCO"
Mon Jul 31 17:45:08 +0000 2023,"Full-time work for mothers can sometimes feel incompatible, as there are rarely enough hours in the day to give 100‚Ä¶ https://t.co/D23JglYI8D"
Mon Jul 31 17:41:29 +0000 2023,"Breaking News: Paul Reubens, whose alter ego Pee-wee Herman became a movie and television sensation in the 1980s, h‚Ä¶ https://t.co/YUA9cIyRLI"
Mon Jul 31 17:39:58 +0000 2023,"Breaking News: The NFL increased proposed penalties for sexual misconduct involving coercion or threats, and discip‚Ä¶ https://t.co/Fih1XMtdON"
Mon Jul 31 17:25:03 +0000 2023,Opening up your favorite carry-on travel backpack should feel like opening the door to a well-organized closet.‚Ä¶ https://t.co/nS63gFikw6
Mon Jul 31 17:20:42 +0000 2023,"Musk‚Äôs influence has been questioned elsewhere too, from China to the European Union. But his dominance in space is‚Ä¶ https://t.co/RWpdtOG1eI"
Mon Jul 31 17:20:42 +0000 2023,"‚ÄúWithout Starlink, we cannot fly, we cannot communicate,‚Äù said one Ukrainian deputy commander. The technology ‚Äî fou‚Ä¶ https://t.co/ZVxzOFhWmD"
Mon Jul 31 17:20:41 +0000 2023,Musk alone can decide to shut down Starlink internet access for a customer or country. He has restricted access mul‚Ä¶ https://t.co/3Jo4UDE3zR
Mon Jul 31 17:20:41 +0000 2023,"Starlink is often the only way to get internet into remote areas, including war zones like Ukraine, where it‚Äôs used‚Ä¶ https://t.co/clQpBLhMjL"
Mon Jul 31 17:20:40 +0000 2023,"Today, more than 4,500 of Musk‚Äôs Starlink satellites are in the skies, accounting for more than half of all active‚Ä¶ https://t.co/D0Tk7HsCk1"
Mon Jul 31 17:20:40 +0000 2023,"Elon Musk has become the most dominant player in space, amassing power over the strategically significant field of‚Ä¶ https://t.co/OnO79yuorM"
Mon Jul 31 17:15:09 +0000 2023,From @TheAthleticFC: Everyone is making money off Lionel Messi. Here‚Äôs how the rest of U.S. soccer is trying to cas‚Ä¶ https://t.co/6IBOQzXAXM
Mon Jul 31 17:00:26 +0000 2023,"The U.S. has lost billions in productivity, as sizzling temperatures impact workers in factories, restaurants and b‚Ä¶ https://t.co/W2un4lWf4v"
Mon Jul 31 16:50:06 +0000 2023,"Italy has fallen for ‚ÄúMare Fuori,‚Äù or ‚ÄúThe Sea Beyond,‚Äù an often gritty but always soapy melodrama about the inmate‚Ä¶ https://t.co/RrGpHxSNCy"
Mon Jul 31 16:40:06 +0000 2023,"""The goal is Genius on the Bee, the Mini in less than a minute, and Wordle in 3 (or less)! Mission accomplished, at‚Ä¶ https://t.co/uXS9EzclQW"
Mon Jul 31 16:30:16 +0000 2023,A reader asked @Wirecutter: Are there cheap products that are better than their pricey counterparts?‚Ä¶ https://t.co/3FDjwOSq82
Mon Jul 31 16:15:08 +0000 2023,"From @TheAthletic: We ranked veteran NFL quarterbacks into tiers, from best to worst. Patrick Mahomes is entering h‚Ä¶ https://t.co/lpwzQZtJ2Z"
Mon Jul 31 16:05:35 +0000 2023,Phoenix has hit at least 110 degrees for 31 straight days. The merciless heat has exhausted people‚Äôs health and pat‚Ä¶ https://t.co/vLIfJKusZi
